titulo,preco,avaliacao,disponivel,preco_brl,estoque
A Light in the Attic,£51.77,3,True,364.64,66.0
Tipping the Velvet,£53.74,1,True,378.51,91.0
Soumission,£50.10,1,True,352.87,151.0
Sharp Objects,£47.82,4,True,336.82,13.0
Sapiens: A Brief History of Humankind,£54.23,5,True,381.96,0.0
The Requiem Red,£22.65,1,True,159.53,63.0
The Dirty Little Secrets of Getting Your Dream Job,£33.34,4,True,234.83,140.0
"The Coming Woman: A Novel Based on the Life of the Infamous Feminist, Victoria Woodhull",£17.93,3,True,126.29,159.0
The Boys in the Boat: Nine Americans and Their Epic Quest for Gold at the 1936 Berlin Olympics,£22.60,4,True,159.18,62.0
The Black Maria,£52.15,1,True,367.31,67.0
"Starving Hearts (Triangular Trade Trilogy, #1)",£13.99,2,True,98.54,39.0
Shakespeare's Sonnets,£20.66,4,True,145.52,81.0
Set Me Free,£17.46,5,True,122.98,142.0
Scott Pilgrim's Precious Little Life (Scott Pilgrim #1),£52.29,5,True,368.3,3.0
Rip it Up and Start Again,£35.02,5,True,246.66,60.0
"Our Band Could Be Your Life: Scenes from the American Indie Underground, 1981-1991",£57.25,3,True,403.23,116.0
Olio,£23.88,1,True,168.2,15.0
Mesaerion: The Best Science Fiction Stories 1800-1849,£37.59,1,True,264.76,27.0
Libertarianism for Beginners,£51.33,2,True,361.54,11.0
It's Only the Himalayas,£45.17,2,True,318.15,15.0
In Her Wake,£12.84,1,True,90.44,126.0
How Music Works,£37.32,2,True,262.86,27.0
"Foolproof Preserving: A Guide to Small Batch Jams, Jellies, Pickles, Condiments, and More: A Foolproof Guide to Making Small Batch Jams, Jellies, Pickles, Condiments, and More",£30.52,3,True,214.96,151.0
Chase Me (Paris Nights #2),£25.27,5,True,177.99,22.0
Black Dust,£34.53,5,True,243.21,134.0
Birdsong: A Story in Pictures,£54.64,3,True,384.85,154.0
America's Cradle of Quarterbacks: Western Pennsylvania's Football Factory from Johnny Unitas to Joe Montana,£22.50,3,True,158.48,144.0
Aladdin and His Wonderful Lamp,£53.13,3,True,374.22,40.0
Worlds Elsewhere: Journeys Around Shakespeare’s Globe,£40.30,5,True,283.85,91.0
Wall and Piece,£44.18,4,True,311.18,94.0
The Four Agreements: A Practical Guide to Personal Freedom,£17.66,5,True,124.39,7.0
The Five Love Languages: How to Express Heartfelt Commitment to Your Mate,£31.05,3,True,218.7,77.0
The Elephant Tree,£23.82,5,True,167.77,125.0
The Bear and the Piano,£36.89,1,True,259.83,35.0
Sophie's World,£15.94,5,True,112.27,39.0
Penny Maybe,£33.29,3,True,234.47,60.0
Maude (1883-1993):She Grew Up with the country,£18.02,2,True,126.92,66.0
"In a Dark, Dark Wood",£19.63,1,True,138.26,26.0
Behind Closed Doors,£52.22,4,True,367.81,97.0
You can't bury them all: Poems,£33.63,2,True,236.87,57.0
Slow States of Collapse: Poems,£57.31,3,True,403.66,55.0
Reasons to Stay Alive,£26.41,2,True,186.02,34.0
Private Paris (Private #10),£47.61,5,True,335.34,96.0
#HigherSelfie: Wake Up Your Life. Free Your Soul. Find Your Tribe.,£23.11,5,True,162.77,129.0
Without Borders (Wanderlove #1),£45.07,2,True,317.45,110.0
When We Collided,£31.77,1,True,223.77,27.0
"We Love You, Charlie Freeman",£50.27,5,True,354.07,118.0
Untitled Collection: Sabbath Poems 2014,£14.27,4,True,100.51,101.0
"Unseen City: The Majesty of Pigeons, the Discreet Charm of Snails & Other Wonders of the Urban Wilderness",£44.18,4,True,311.18,0.0
Unicorn Tracks,£18.78,3,True,132.28,79.0
"Unbound: How Eight Technologies Made Us Human, Transformed Society, and Brought Our World to the Brink",£25.52,1,True,179.75,108.0
Tsubasa: WoRLD CHRoNiCLE 2 (Tsubasa WoRLD CHRoNiCLE #2),£16.28,1,True,114.67,44.0
Throwing Rocks at the Google Bus: How Growth Became the Enemy of Prosperity,£31.12,3,True,219.19,1.0
This One Summer,£19.49,4,True,137.28,128.0
Thirst,£17.27,5,True,121.64,152.0
The Torch Is Passed: A Harding Family Story,£19.09,1,True,134.46,127.0
The Secret of Dreadwillow Carse,£56.13,1,True,395.35,100.0
"The Pioneer Woman Cooks: Dinnertime: Comfort Classics, Freezer Food, 16-Minute Meals, and Other Delicious Ways to Solve Supper!",£56.41,1,True,397.32,159.0
The Past Never Ends,£56.50,4,True,397.95,13.0
The Natural History of Us (The Fine Art of Pretending #2),£45.22,3,True,318.5,53.0
The Nameless City (The Nameless City #1),£38.16,4,True,268.78,115.0
The Murder That Never Was (Forensic Instincts #5),£54.11,3,True,381.12,86.0
The Most Perfect Thing: Inside (and Outside) a Bird's Egg,£42.96,4,True,302.58,82.0
"The Mindfulness and Acceptance Workbook for Anxiety: A Guide to Breaking Free from Anxiety, Phobias, and Worry Using Acceptance and Commitment Therapy",£23.89,4,True,168.27,28.0
The Life-Changing Magic of Tidying Up: The Japanese Art of Decluttering and Organizing,£16.77,3,True,118.12,38.0
"The Inefficiency Assassin: Time Management Tactics for Working Smarter, Not Longer",£20.59,5,True,145.02,
The Gutsy Girl: Escapades for Your Life of Epic Adventure,£37.13,1,True,261.52,
The Electric Pencil: Drawings from Inside State Hospital No. 3,£56.06,1,True,394.85,
The Death of Humanity: and the Case for Life,£58.11,4,True,409.29,
"The Bulletproof Diet: Lose up to a Pound a Day, Reclaim Energy and Focus, Upgrade Your Life",£49.05,3,True,345.48,
The Art Forger,£40.76,3,True,287.09,
The Age of Genius: The Seventeenth Century and the Birth of the Modern Mind,£19.73,1,True,138.97,
The Activist's Tao Te Ching: Ancient Advice for a Modern Revolution,£32.24,5,True,227.08,
Spark Joy: An Illustrated Master Class on the Art of Organizing and Tidying Up,£41.83,4,True,294.63,
Soul Reader,£39.58,2,True,278.78,
Security,£39.25,2,True,276.45,
"Saga, Volume 6 (Saga (Collected Editions) #6)",£25.02,3,True,176.23,
"Saga, Volume 5 (Saga (Collected Editions) #5)",£51.04,2,True,359.5,
Reskilling America: Learning to Labor in the Twenty-First Century,£19.83,2,True,139.67,
"Rat Queens, Vol. 3: Demons (Rat Queens (Collected Editions) #11-15)",£50.40,3,True,354.99,
"Princess Jellyfish 2-in-1 Omnibus, Vol. 01 (Princess Jellyfish 2-in-1 Omnibus #1)",£13.61,5,True,95.86,
Princess Between Worlds (Wide-Awake Princess #5),£13.34,5,True,93.96,
"Pop Gun War, Volume 1: Gift",£18.97,1,True,133.61,
"Political Suicide: Missteps, Peccadilloes, Bad Calls, Backroom Hijinx, Sordid Pasts, Rotten Breaks, and Just Plain Dumb Mistakes in the Annals of American Politics",£36.28,2,True,255.53,
Patience,£10.16,3,True,71.56,
"Outcast, Vol. 1: A Darkness Surrounds Him (Outcast #1)",£15.44,4,True,108.75,
orange: The Complete Collection 1 (orange: The Complete Collection #1),£48.41,1,True,340.97,
Online Marketing for Busy Authors: A Step-By-Step Guide,£46.35,1,True,326.46,
On a Midnight Clear,£14.07,3,True,99.1,
Obsidian (Lux #1),£14.86,2,True,104.66,
My Paris Kitchen: Recipes and Stories,£33.37,2,True,235.04,
Masks and Shadows,£56.40,2,True,397.25,
"Mama Tried: Traditional Italian Cooking for the Screwed, Crude, Vegan, and Tattooed",£14.02,4,True,98.75,
"Lumberjanes, Vol. 2: Friendship to the Max (Lumberjanes #5-8)",£46.91,2,True,330.41,
"Lumberjanes, Vol. 1: Beware the Kitten Holy (Lumberjanes #1-4)",£45.61,3,True,321.25,
Lumberjanes Vol. 3: A Terrible Plan (Lumberjanes #9-12),£19.92,2,True,140.3,
"Layered: Baking, Building, and Styling Spectacular Cakes",£40.11,1,True,282.51,
Judo: Seven Steps to Black Belt (an Introductory Guide for Beginners),£53.90,2,True,379.64,
Join,£35.67,5,True,251.24,
In the Country We Love: My Family Divided,£22.00,4,True,154.95,
